Nome,Tipo,Iteracao,MSE
,Teste,0,42022732.68836565
,Teste,1,43699765.840499304
,Teste,2,70171032.4036061
,Teste,3,46502358.93481276
,Teste,4,64460110.395284325
,Teste,5,50005639.832177535
,Teste,6,68035855.80166435
,Teste,7,61942316.44244105
,Teste,8,65450002.83079057
,Teste,9,74507026.35644938
,Treino,0,0.0
,Treino,1,0.0
,Treino,2,0.0
,Treino,3,0.0
,Treino,4,0.0
,Treino,5,0.0
,Treino,6,0.0
,Treino,7,0.0
,Treino,8,0.0
,Treino,9,0.0
