Nome,Tipo,MSE
3,Teste,255955898.37566325
3,Treino,247729046.3957816
