Nome,Tipo,MSE
5,Teste,599121970.2621315
5,Treino,419663135.6658955
