Nome,Tipo,MSE
3,Teste,511911796.7513265
3,Treino,495458092.79156303
