Nome,Tipo,MSE
8,Teste,786285365.3895952
8,Treino,223467478.16809067
