Nome,Tipo,MSE
1,Teste,512912107.6970635
1,Treino,512098542.20242876
