Nome,Tipo,MSE
1,Teste,512912026.55874753
1,Treino,512098461.649254
