Nome,Tipo,MSE
8,Teste,400570464.7718173
8,Treino,111746830.41631152
