Nome,Tipo,MSE
5,Teste,599121897.0251057
5,Treino,419663067.173237
