Nome,Tipo,MSE
1,Teste,256456013.27937374
1,Treino,256049230.824627
