Nome,Tipo,MSE
3,Teste,511911872.4507091
3,Treino,495458167.1171476
