Nome,Tipo,MSE
5,Teste,298540569.3877263
5,Treino,209831533.58661845
