Nome,Tipo,MSE
8,Teste,786285444.8154453
8,Treino,223467533.6779969
