Nome,Tipo,MSE
10,Teste,520277525.3407355
10,Treino,519395147.1328972
