Nome,Tipo,MSE
100,Teste,588658731.5150166
100,Treino,512936916.7554681
