Nome,Tipo,MSE
10,Teste,520277440.47227967
10,Treino,519395062.3287679
