Nome,Tipo,MSE
40,Teste,521515250.1636582
40,Treino,517056127.9279494
