Nome,Tipo,MSE
40,Teste,521515335.83203936
40,Treino,517056212.48849833
