Nome,Tipo,MSE
100,Teste,588658642.06812
100,Treino,512936833.35704345
