Nome,Tipo,MSE
100,Teste,262950605.93960714
100,Treino,256321864.26618037
