Nome,Tipo,MSE
10,Teste,259922411.8753072
10,Treino,259365396.2042548
