Nome,Tipo,MSE
40,Teste,260304652.54918268
40,Treino,258717958.9146602
